{"centro_titularidad":"PÚBLICO","AVG_x":440157.3842874543,"AVG_y":4474481.943970768}
{"centro_titularidad":"PRIVADO","AVG_x":439602.9362934363,"AVG_y":4476838.754826255}
{"centro_titularidad":"PRIVADO CONCERTADO","AVG_x":440264.7489361702,"AVG_y":4474293.580851064}
{"centro_titularidad":"PÚBLICO-TITULARIDAD PRIVADA","AVG_x":438924.0,"AVG_y":4479147.0}
